Actual Salary,Predicted Salary
139486,202774.42
156829,174887.91
98721,94793.69
168109,125166.67
292055,249824.91
165207,160821.66
135760,169491.7
113350,141424.17
89154,87244.25
100244,94087.63
145736,141671.12
91813,94733.91
72897,83397.68
145381,131134.41
93524,100643.58
81146,109190.19
141610,144056.9
238260,198821.84
231764,225491.84
94067,96361.96
90374,117273.81
73095,72047.62
153857,125852.14
151803,144229.91
113068,130569.51
230691,172790.43
64188,58203.92
143711,126783.81
42629,52855.69
26172,36492.63
73564,86563.09
27601,32534.04
83060,67466.98
189251,213018.73
27319,23087.14
74961,64545.43
58844,69893.45
154250,119348.11
241116,215055.29
192915,297851.69
154431,209956.35
153723,199587.49
123996,127700.01
74573,66523.7
112775,105357.28
124552,134405.59
171580,146576.66
89020,95333.75
140696,136196.5
68069,73402.14
162908,126440.03
122704,131599.51
24801,26507.53
206878,260059.49
320305,212971.7
103774,133331.39
180875,227770.6
147650,131177.62
295948,242454.93
131957,134449.22
94601,75395.55
249841,220891.92
176781,180064.56
125683,150488.09
69088,65982.27
111124,88489.84
92299,86560.42
151599,148418.65
35455,32350.54
24147,33512.47
124119,122536.75
194278,160126.02
178755,156804.88
47355,44667.53
152942,187646.88
78042,105578.79
97110,87695.11
125674,140640.16
99305,94498.6
101510,94459.83
32842,33998.44
77116,69588.42
78109,91216.9
113391,100623.28
84549,63813.31
229205,269236.71
192062,263395.14
246330,290746.57
134647,214503.66
212718,185910.29
128716,146632.03
353742,247158.17
36309,42768.24
76474,74045.68
99326,91965.01
93562,89415.57
81260,98671.8
213288,196525.88
80930,61539.88
186900,155694.38
54161,67330.7
70605,83628.18
90170,103929.48
209294,205237.69
199903,215691.98
81253,86811.8
90700,83406.39
102852,104933.98
121147,131106.98
37739,31438.8
180558,271686.1
78403,96461.11
240149,240554.84
48915,57750.63
25199,34646.43
68547,81245.49
62680,63866.81
148771,129471.31
91682,98373.05
92817,115541.83
54380,67840.76
82088,71353.98
155252,191515.37
102919,94956.02
174231,128529.44
128822,117912.36
167568,193312.56
108940,95017.95
156650,192720.59
22689,21864.39
116248,126341.38
86990,90171.18
30719,34966.78
105022,128548.83
62502,72578.62
99185,135899.91
66726,66748.11
175817,172264.06
132476,118542.58
318729,298241.35
55911,63786.01
70599,92178.84
60827,65489.79
100088,90768.23
115294,122146.89
147336,122778.36
121990,95831.86
96280,80808.69
93357,77637.78
194311,235149.03
198603,176436.37
125818,165940.4
219746,189118.74
62847,71688.74
192697,271658.35
71248,70220.31
41992,34749.64
88260,91962.34
96859,100859.39
135548,186966.66
116676,136675.65
120919,119412.17
91511,124884.21
59221,75121.1
130848,123118.05
99707,80355.79
78450,103997.2
103697,91193.6
99102,139905.16
81092,61877.45
302543,289833.97
47262,62891.9
252611,214931.16
46914,59994.06
269514,225650.95
79550,58102.65
203699,177235.18
39365,46052.9
288283,196901.49
75059,74358.94
92141,97596.08
166393,199594.42
152656,110709.63
82548,91274.58
196121,178144.37
106204,147777.88
133682,150132.11
63367,77748.83
154393,117138.63
186851,244551.28
48341,46188.12
73151,88807.85
108371,88863.59
243649,188933.38
56293,73074.86
180015,195551.3
224798,184945.33
49609,59915.47
265506,188766.23
107129,97833.69
41791,48559.0
132893,187436.15
115681,118614.25
137580,178220.84
98192,121796.45
52424,67327.75
93513,100758.95
130395,134903.7
67040,62583.83
113860,99778.51
165800,208769.53
126076,140340.13
90085,99768.68
101793,80134.38
198685,198722.87
75941,88574.53
74217,86170.9
79547,88330.24
162962,128517.29
133233,131854.92
166422,123934.48
109612,141008.55
239531,296552.22
59545,60135.89
86007,90094.94
201791,216532.09
243166,227829.32
65492,71960.66
160037,167286.82
130892,126100.93
122631,101395.23
91675,91978.41
76000,66001.62
55769,74441.51
148164,145886.38
83753,86980.1
150771,136664.95
294564,263698.62
273957,212849.27
20785,24841.02
62316,87874.55
123024,120661.6
58388,76954.08
95999,95762.1
111068,113167.11
81308,79429.11
178018,197573.77
101827,87770.67
136127,129649.48
93601,80944.27
80523,77935.72
250692,229024.48
150038,138647.57
54579,63909.08
89873,103054.7
111821,98765.45
104425,87770.42
67170,59910.73
125924,128326.36
128996,132532.19
120168,142392.31
97747,90470.87
193572,189100.19
87051,94770.22
70180,68169.98
218883,224707.45
114449,122307.8
177618,215506.16
72355,62335.81
207950,189398.66
154841,131904.5
85391,71772.96
61708,70316.25
134116,112128.93
243382,223377.97
254343,272791.56
173706,210663.87
64737,86934.98
161013,193090.21
126593,151172.15
76826,64661.82
143423,113596.36
59536,66576.08
275394,199611.13
111264,106632.99
79209,87927.89
106907,101839.5
50375,59154.51
42409,45980.82
27753,32908.08
166022,205445.95
72285,66048.48
171549,184886.8
141179,116384.58
118965,127371.05
251411,201321.21
82286,72019.24
117861,179370.96
53173,64274.89
117509,77478.05
140181,136391.01
110037,98800.92
64015,65195.44
25902,34213.13
95689,95470.02
161403,201037.25
86376,89561.79
53469,62264.88
137009,122563.43
240245,212042.93
129622,95955.02
132964,126952.06
300752,282969.83
75181,90113.38
76742,71141.91
119381,89579.55
133093,203246.59
44187,41373.55
122926,130601.43
59378,62230.93
169781,185695.43
136387,138266.93
119705,136778.81
157211,189121.3
164314,139788.46
56033,65095.34
107111,148515.67
151191,174090.97
51859,65828.26
241186,260243.89
51311,74387.98
130573,176913.05
259694,192834.72
75172,88119.94
97034,78515.2
83942,97532.88
41556,43483.94
59433,62009.91
89756,82136.97
110777,102248.14
104635,123035.45
147367,146955.73
128584,124406.09
38972,34354.0
64037,67143.9
163644,128744.31
185718,207268.25
169543,124171.86
152000,145245.54
83304,89345.66
157221,128985.53
45328,59698.19
140129,190129.16
77013,74921.22
79374,113399.49
181176,185854.14
121952,120517.36
196644,208274.53
107493,93790.39
57529,63531.34
136341,115600.13
97727,82206.1
59585,70082.87
104599,91014.62
166572,135461.83
103223,86227.16
66353,71282.13
67710,87179.05
123498,187213.06
181374,206918.32
89159,92575.11
57591,66679.56
114857,123562.0
224210,201157.52
90375,85181.65
106280,105618.56
79856,89570.3
22389,26199.64
102591,90184.43
67835,68796.33
126184,130680.05
138563,139268.65
48963,42479.26
190525,261631.27
72979,68435.81
53545,64497.24
49530,41714.85
146336,118193.69
73290,72775.98
123240,129467.5
102032,99904.95
90803,92827.33
215605,182703.42
166959,200683.95
174692,180822.84
225013,212698.57
92335,63288.78
62748,90511.6
81724,72755.4
124629,166421.07
292246,205671.7
70624,69437.84
104761,79926.87
88718,71213.68
58660,69598.83
60206,64022.12
115978,87432.71
100391,99760.09
72730,88476.82
93037,82372.15
89631,64827.33
155786,167372.59
313735,246917.06
95183,98838.51
85101,90715.0
94357,98854.18
76071,90254.64
104092,85450.08
128450,104625.22
145307,129750.79
170409,162874.14
58908,77600.27
162016,227482.99
70408,60081.66
103134,93124.15
221005,178126.81
94103,70541.72
139532,133232.34
39178,51430.92
53596,67367.4
111274,123102.11
68856,85287.62
52913,41875.11
134652,179018.15
129835,202143.21
65086,58912.16
64196,78511.21
79264,75606.74
147836,135792.24
120897,115342.36
105874,108342.11
235424,226639.86
34111,41797.33
57898,71009.05
75569,94183.02
217112,176333.7
162080,187250.55
232839,193949.16
86279,94914.96
143655,121838.47
118202,122298.21
189502,201448.52
117158,99808.61
95536,79466.07
212513,146840.17
223895,192553.2
194385,241006.94
59923,70845.94
199528,289219.13
53973,68432.02
61890,57151.0
89827,87255.53
123791,132676.09
84562,93067.72
59118,59839.81
129162,130305.09
153774,186083.87
87366,96205.39
95198,134612.58
124845,131236.01
54122,64943.15
114261,131042.66
67273,100977.04
167769,186307.06
167565,142676.92
129293,107372.61
79216,86570.95
209966,184584.31
192580,193822.86
44734,44121.29
60812,76971.51
166822,173664.05
187877,141189.64
120418,128322.02
225112,191616.72
90747,73515.28
308012,215372.58
101641,95168.13
130258,124013.07
60523,71363.33
140928,110233.27
111218,114007.75
145257,118278.25
282434,249483.24
161051,194735.76
214441,201689.56
140434,184557.35
20948,25880.9
76432,70624.39
110449,128372.0
108448,126148.93
149569,114195.53
110408,135826.76
82153,79914.67
116249,132815.59
75240,106470.4
62189,59935.57
127693,182691.93
129874,196852.2
59279,78298.03
101315,122453.81
45079,61699.63
69945,93615.48
68161,66108.17
137799,120044.38
111301,124250.25
212031,189894.08
32682,34936.79
143037,195086.92
37366,28864.28
315917,253412.59
139306,134731.46
128578,181687.32
184524,181942.07
57858,75400.97
138780,195336.07
80525,102200.01
61743,75483.33
88162,87308.19
23025,35018.02
94972,87203.47
44105,47759.23
184467,198817.65
24682,31810.29
123407,129371.61
98692,134345.38
212229,184410.18
165689,198401.17
99884,126063.79
43262,56072.12
132186,113776.74
136173,211400.03
104484,86560.7
75973,74419.63
47110,65496.51
107527,95412.79
153701,182469.67
61146,68399.7
220434,229165.17
49918,57800.34
66219,72269.25
77319,100630.87
104109,97074.21
68849,76525.62
141845,129452.77
188465,192177.13
109988,82682.44
161380,200781.39
349432,235122.11
240445,234758.13
153843,215388.6
57671,62539.37
51985,66439.92
171048,173317.47
104982,85118.09
199949,182124.61
68543,87807.16
92179,118655.57
124994,136787.39
49720,72508.79
165296,233992.87
32651,34328.9
211419,187987.07
128111,190638.31
129173,124201.36
180858,197108.65
286727,209652.48
94224,84700.19
270691,206674.45
290571,278514.6
102173,128163.19
102367,107835.25
62978,71297.94
127789,129631.41
149450,169589.15
168351,130895.13
248823,231989.03
29783,36154.04
185360,179431.67
132926,123383.88
235370,228121.98
63919,74454.42
63962,91987.71
159981,130352.63
75523,61724.99
140516,123024.71
246647,216940.29
63203,68969.76
84808,74201.64
105976,120303.95
121877,119965.96
149929,129647.62
181750,142603.68
118889,77422.78
71105,68121.55
287100,245154.05
111239,142850.64
131631,125867.29
90924,102401.7
93350,111213.14
51942,74282.82
26320,32706.49
105139,100413.71
89067,98680.33
97918,118730.29
185612,209018.64
137444,137675.77
55542,58029.26
98339,136893.95
80284,95054.6
289174,239251.05
151705,130385.0
102077,108325.92
223969,259910.48
141646,123500.65
95923,88348.0
96744,132922.6
176928,194415.71
253207,211256.64
115997,103825.87
53611,64933.62
218691,172326.76
211009,200462.28
80635,77952.65
65343,69913.92
148540,128317.74
54599,45172.9
51736,72930.87
74801,68598.57
26028,32097.55
93348,89739.52
256545,199846.54
172627,176797.12
79608,84533.15
108088,143278.04
240031,205003.12
238120,196410.87
111820,145965.68
103458,66426.24
123929,107036.02
61375,63173.53
110517,115032.52
101976,94052.3
67687,74575.76
133466,122848.72
61768,67233.72
142040,198115.31
30619,23241.38
190172,221144.65
120628,179611.97
45228,40506.71
111947,85302.36
42928,44860.64
69368,74640.94
174292,193709.72
52959,58683.15
130674,221192.0
212985,220607.43
96910,93005.51
49891,71929.05
81274,83433.42
214921,210098.0
119633,124164.98
118780,115234.17
118238,132119.64
105293,98921.6
151764,125183.19
192079,152790.89
230551,219882.77
385250,280361.61
38128,34133.09
86435,73247.08
91372,69587.65
58764,68289.22
60657,63401.09
70777,75885.05
243192,178191.79
191922,183535.49
100887,94327.0
134945,123820.53
26237,35432.66
68593,84559.98
51437,63124.17
61294,66176.09
268561,186568.94
195573,179804.08
61925,82936.81
89489,99503.79
257527,218572.61
234130,204405.04
78473,78878.84
119123,168936.01
132794,140693.83
130397,188668.92
148430,207726.68
97656,94500.63
37867,45145.22
104741,90872.86
55261,71984.62
233264,208056.89
264276,212440.86
83518,107135.16
85426,73486.24
114364,98669.52
58945,63465.06
132350,129156.29
121414,120273.14
189198,218916.67
166701,118781.01
204810,210206.66
72285,71111.36
170727,168756.67
114242,128870.98
30696,31339.2
172277,185785.49
91323,103680.38
61103,68800.22
83891,87423.59
174323,192117.08
92430,84432.37
89020,98940.3
235873,296415.76
89902,68297.47
57310,79330.15
197089,193680.17
103788,81117.25
189743,216330.35
56489,74999.42
67831,59894.82
82844,101788.26
24804,31156.27
143329,161486.56
117240,121230.25
89124,81587.07
190560,211242.83
136698,129905.34
79216,80120.57
79744,90045.92
56400,70612.89
108736,130515.04
93437,87285.17
93956,79647.21
73049,68909.22
95094,115019.27
68084,74617.75
274462,286360.66
130939,139626.19
82999,68297.03
136850,200227.7
129841,232016.65
143483,124116.16
113468,102890.97
166233,224795.58
181539,143796.42
115707,128027.23
111556,95329.92
170023,221509.54
174253,225744.97
357875,299083.17
60902,87891.64
332899,232469.45
71610,68308.05
236155,192091.24
32487,34833.4
143401,197776.58
48074,69435.66
61599,58125.92
332210,285172.76
135969,191805.63
144510,122454.93
117408,134277.84
233392,197602.92
56897,66524.01
160113,119861.13
187224,195619.38
44067,72520.47
75630,80907.25
85407,68810.36
141826,128643.43
170066,152242.76
120372,121606.74
64161,73815.22
176050,190365.39
24926,30759.51
111112,91694.65
110762,112640.72
189605,180803.3
50242,62110.77
177950,150261.25
95686,98211.6
165005,213670.81
196522,179823.29
63867,64888.73
65815,67230.99
63891,95774.87
35266,34422.54
82676,95401.16
33400,29145.72
26941,22179.21
237771,162940.38
86564,72363.59
67394,67828.14
81106,103306.75
66536,75408.37
60265,66392.52
65610,59603.6
109543,104518.06
74184,86484.6
385410,258109.68
49315,56542.09
63741,61452.0
140704,120292.14
226889,238536.73
81525,70272.68
66974,84311.11
257447,243320.06
112099,117551.11
143496,178635.32
151644,212862.52
250954,226006.03
206792,272141.09
124933,111840.19
270223,177309.17
32228,30030.75
125964,212089.78
90408,64904.06
118354,91953.68
93563,91049.43
74558,91437.19
309181,264964.35
65331,70869.81
76735,100347.14
88077,65951.29
52076,60473.45
53494,58478.16
94395,74360.32
117224,145014.37
41420,40795.92
72126,59759.71
102503,99366.85
76419,71491.5
95477,112401.01
70709,74701.59
61916,80151.72
58752,67757.19
199015,194906.74
72716,70038.74
122457,181620.55
84353,81515.14
160966,136438.06
81590,87020.56
67815,65249.55
58331,57735.96
157935,181365.21
193193,174706.24
97096,73122.7
89052,93723.93
138655,128118.46
207251,190053.45
165702,235410.44
143701,122544.01
119182,118708.88
64464,59456.52
87984,93313.95
85062,78276.72
75880,61625.64
59864,66639.44
80678,65283.08
61019,68369.42
101321,86814.81
334067,282842.76
47259,69830.75
49440,73136.14
59806,67816.78
45668,63748.06
80831,63416.58
42791,32132.03
70408,62502.42
252601,232218.89
133440,128850.26
55729,62565.31
141077,96238.41
129545,101927.68
160222,182632.18
157447,196442.76
32595,33298.35
147509,129996.62
99845,115347.27
64771,92779.98
156742,125588.37
128941,115500.66
75693,93396.34
73693,93501.11
113070,124511.53
246778,197565.44
79266,73005.33
109147,126019.87
102899,97588.79
238019,195402.89
105416,96155.38
158734,205252.34
46075,73392.48
115386,116777.83
271778,285039.32
137592,127722.59
54185,65580.37
303831,265573.22
220073,214337.82
156011,176633.64
94779,117980.51
129262,113352.13
97294,118005.5
49385,62509.89
145157,126893.71
211073,205649.28
188053,190894.44
40715,32267.07
77141,94309.07
63620,66699.93
104439,94331.26
49858,64573.11
251600,208059.01
92187,116800.01
107663,85230.23
79751,83132.07
151336,123251.3
42437,45433.43
150816,178181.75
66004,48780.69
127421,187576.66
78835,71438.68
169583,225752.71
62042,55610.53
75273,89479.44
87641,75472.43
169575,198615.31
76244,76846.22
191974,229429.03
46762,68855.12
203419,181162.43
259567,186724.5
85683,83877.58
166176,158383.16
145879,148626.79
89527,92557.28
84617,89252.38
78762,70809.32
295717,214207.81
82707,96219.57
115293,100574.36
51067,41627.74
167790,161907.08
93900,90488.18
153066,132309.35
129562,146159.18
160729,124372.04
179394,198810.5
237969,185251.52
133162,131038.44
87000,65137.25
388535,275350.92
117496,104159.06
57257,65793.91
85568,89666.89
150034,176641.89
105471,98087.5
33763,27356.33
64441,62589.39
76693,69718.79
97775,85508.69
125238,135511.89
249223,196797.96
53872,77472.52
108897,97257.38
171574,157322.6
96402,115787.88
81103,62918.79
74489,92958.35
123845,161491.99
154884,135246.08
77664,69860.85
154216,157882.81
70882,66865.79
69741,58463.93
113774,105407.84
151816,190008.54
164834,163535.89
38444,46243.64
167415,121266.87
141812,137993.91
50627,67122.32
113402,95091.95
154178,178164.77
99370,83790.88
46653,59890.15
321456,235997.08
122245,158234.34
80715,68722.39
105151,131410.57
60562,63943.11
68868,70838.83
105339,86797.84
32809,32410.79
167922,124199.77
183692,279046.75
137316,122733.06
100014,106151.13
118261,120396.06
112570,111576.91
23733,32663.82
111397,127643.08
119116,129892.15
55414,60471.31
306082,257877.69
243320,175853.51
138075,114760.06
152241,185811.17
217318,173968.67
207719,210042.26
246512,219077.53
71504,84793.82
92131,85650.31
39100,43635.8
80406,72887.93
75623,70169.41
51383,74833.31
241392,192526.33
126029,129090.37
86886,95220.1
86235,77611.6
122554,88978.03
123894,127411.14
92261,97503.71
142898,167813.51
80574,69857.72
183526,198096.35
90585,106654.98
206350,198206.09
87101,85651.25
141469,177463.21
56221,72987.12
124712,125397.55
81249,105840.3
139290,136773.76
63922,72504.72
108438,90636.65
84799,80561.5
33431,29958.52
52016,76581.52
85862,90173.01
152024,198335.39
119875,114053.5
97979,99483.6
75401,96771.6
284790,278222.32
128478,122878.67
83602,88519.89
112669,96304.62
98906,85415.48
80194,87684.56
209614,219088.38
59067,63670.45
54572,60085.94
94648,85523.66
60880,46850.35
55499,58056.81
70161,73904.74
81776,116943.75
99693,129913.76
90458,92038.4
68811,70991.08
26739,35563.03
124557,111610.55
134490,171830.39
123821,110024.56
95193,115745.9
194187,218450.4
119526,120085.36
174805,199406.31
74923,106011.24
192002,193257.88
101252,114313.04
200496,196300.87
147186,126855.67
88847,109533.86
93720,107057.61
95750,139076.84
76644,93439.74
72350,69879.51
158682,118120.11
54758,61052.72
98004,85438.41
66866,70799.85
219494,196921.42
92624,96946.87
81244,87663.18
125807,131722.27
112243,105943.58
91165,99272.54
112165,127189.15
119141,141830.39
161310,195180.67
142460,139387.15
70434,61100.08
89880,85513.78
112036,93327.04
129560,142166.93
39802,47340.45
72603,77485.83
205243,197729.6
51090,51856.97
233172,231978.88
200782,205549.7
120570,98049.12
152694,222764.82
264027,227702.3
171421,215373.96
73343,63415.89
168620,204349.68
80029,71965.53
163866,135023.48
121587,131153.87
151896,210752.31
205317,174516.08
181623,168034.03
89214,126222.89
210553,188312.44
101740,91555.72
91181,87860.43
146495,177553.26
28595,24871.81
101946,121753.03
85336,89981.31
64560,64074.73
135857,121227.58
91093,86515.35
72393,58732.31
180946,176416.34
119240,92796.09
57116,68692.35
104890,83210.15
128267,133128.8
139969,139832.05
129361,123855.99
157137,151560.89
245492,247673.45
62098,73007.48
186187,224912.75
215309,183643.25
320350,276076.75
77795,72937.21
71693,80602.61
90934,117112.32
120965,94253.34
30653,32297.22
174420,188770.7
94634,83445.92
211020,254440.01
76932,70929.31
186827,190469.73
131972,111320.84
94729,90710.9
194962,185525.46
155807,168274.06
37291,35739.2
78527,69825.77
225786,210250.5
62288,59608.99
112292,95241.24
106379,165536.27
138815,123480.64
134102,152704.28
52290,67385.81
106103,122179.81
18474,26349.5
149562,181360.29
47657,43596.39
65569,71580.37
68382,70223.85
249798,250422.43
118424,100301.15
116205,117123.25
93238,71837.11
145681,116439.88
47789,64501.13
232230,219950.34
28266,30826.08
62647,65767.77
103634,99384.59
204455,254303.8
142471,127437.24
92445,91264.67
87600,62220.73
59744,59242.29
92448,114505.7
119295,121522.79
67737,70882.71
125861,139656.96
117805,141814.3
76074,94625.66
115602,122896.73
94530,119215.71
76676,111037.23
239858,194687.83
32241,23341.8
244222,183857.66
235397,223151.4
85529,85617.71
161377,206639.98
69805,86115.51
78579,69873.66
248988,202087.45
225610,233688.85
77847,78584.19
115785,105873.22
298282,233310.8
141613,113893.26
42345,45801.89
245876,222277.7
150604,119944.71
102319,110668.06
51431,46701.63
104604,119265.1
73406,74515.62
252682,291578.09
192829,224062.68
163581,135053.1
70927,74994.75
189283,179338.09
82962,106787.94
77309,87221.93
154172,122663.58
125902,184447.71
63352,66136.41
67505,81366.47
126739,138823.74
99493,109362.34
122843,123349.4
86713,105482.3
50885,68969.84
87100,84681.28
119460,158312.25
98327,95839.22
104377,98638.52
105502,100374.89
72394,90496.01
173041,182991.52
139699,192727.87
132931,152765.03
181065,241656.32
185184,188020.31
200686,184972.99
155034,144828.61
188799,233860.77
167422,162816.11
60357,51343.24
103506,98755.47
138187,131255.5
179047,173145.34
102570,122454.21
88198,94493.37
140967,199292.78
212599,175409.63
70698,77159.24
323208,322866.65
75236,92928.03
132740,120105.28
63582,73317.67
69776,115226.75
150527,179909.09
116954,145566.19
63976,62461.57
111471,145044.33
81892,102300.45
127779,134027.34
78736,67197.36
161267,137563.62
97911,125947.18
211340,207226.36
161032,177942.18
307747,256695.88
108071,88181.37
228266,216433.56
103477,132107.33
88134,65696.26
80405,67796.22
283410,189016.23
131751,102090.02
162111,119989.15
80194,61771.56
275028,194118.0
86650,87644.58
217171,252519.87
138619,117963.77
27602,32703.24
147265,200006.4
94103,92703.47
85459,70149.43
23579,21797.44
161399,198121.75
329543,259405.87
127090,130564.86
123195,124629.28
38341,40266.51
109133,124472.77
83302,77452.75
83812,94028.33
143556,176881.15
76358,70336.67
88191,106666.54
176540,189172.27
80879,111595.85
180469,197757.72
160293,143053.43
123567,134667.84
42239,43708.15
78263,72735.12
193061,183333.49
78895,64797.05
270264,255707.73
88565,84520.4
137228,124645.71
149385,196895.99
120060,125699.49
82027,61485.3
33654,28710.82
135041,136998.63
43728,64976.74
89807,85955.03
154970,143646.31
83184,90102.88
32232,32804.99
49130,72862.33
241137,180527.24
90893,95573.17
139984,106614.81
92326,77360.44
88659,91092.83
200872,191554.95
66805,67823.2
158462,130603.46
82720,94074.81
76073,95525.93
63767,65146.56
161001,204199.2
295447,222730.5
63606,86952.09
74494,88400.29
71203,58050.9
126145,139485.03
85335,81437.82
105016,133008.71
75140,66372.52
114413,100313.0
70756,71109.11
100171,117209.97
78323,98119.27
82530,90892.01
206350,208262.72
102248,127096.02
110169,113875.36
114505,137603.69
149913,128283.76
120743,109680.69
169884,162941.06
64943,58680.6
210360,198183.7
50608,73915.22
206051,188115.36
70463,85387.63
92771,87043.18
57678,61718.26
205169,222133.96
141646,126950.82
96427,85814.18
74202,73766.3
77217,98038.99
102825,84056.54
116990,110030.17
123879,121089.87
60881,67260.05
59622,60818.85
248923,192730.53
243016,241833.78
68170,69238.03
118307,123680.17
65583,92460.12
35777,30949.11
140621,139670.8
35947,34804.2
185999,217379.42
142965,125548.65
104482,119276.39
74112,69117.88
73299,72631.61
88695,106216.39
231457,198472.62
70871,76358.83
164649,183333.26
131432,134059.49
46374,67517.85
62190,60152.06
185311,185156.27
159226,130141.95
180133,209062.67
237727,246549.59
68676,71329.22
72824,80782.12
158028,212212.77
134704,117646.74
118703,127469.75
81946,63051.85
32244,23565.05
142958,119581.3
185781,159988.48
151032,123764.25
40276,44467.15
188802,189996.82
98597,98859.95
68905,65329.74
64631,70520.58
210838,175886.97
83576,105647.06
173410,142166.49
92702,122065.8
17450,26175.64
69684,71625.29
80058,82798.8
130066,149533.01
76070,79852.3
65525,63256.63
61453,66120.11
64547,93612.04
278819,288908.23
49705,63530.49
204758,204410.86
117447,123069.85
129514,175403.94
120313,123825.39
96349,83676.12
108322,118581.18
118359,143016.59
110601,126494.78
121764,122741.66
75898,64019.58
62843,93658.56
163282,167733.34
75062,88768.77
112591,105051.47
222268,186166.65
89985,90654.01
64209,63687.0
118358,96062.95
123396,129767.07
80668,88781.2
225578,298445.36
133522,161136.67
55380,59675.2
114736,117278.26
62439,68170.19
124643,119816.48
80312,91054.61
147376,201083.25
56110,66283.44
288695,278618.76
125746,123141.75
86607,127004.74
167702,175147.04
95848,101371.81
68349,80083.59
52393,64652.89
110614,122648.34
77719,82638.6
60193,61972.02
139622,142666.16
132314,119167.77
28315,32472.17
80462,85100.95
47190,68990.42
52732,54522.02
59768,86810.57
131267,131539.93
70183,102550.22
123099,116739.04
169031,125499.63
152868,194040.29
155389,140345.41
186844,190988.21
201716,152507.33
158417,201279.42
95730,127843.08
168047,214494.15
61632,77869.84
85520,83112.43
118931,117352.9
80403,89062.3
148344,184166.63
311228,219240.98
210902,248424.58
296894,206867.91
79062,82721.72
164581,209638.3
49538,56673.74
161728,218194.33
62287,69723.79
111065,98258.15
112322,119860.67
158669,183971.4
102309,66164.73
117303,81614.1
212608,176685.41
60314,67515.21
77016,95784.68
166384,206739.63
87092,71992.5
146850,126975.38
128363,124841.17
60372,74419.71
113179,95125.41
69613,66446.49
84399,99676.01
181037,195260.56
60141,61622.26
261993,204396.83
52113,44847.08
212359,181676.37
149113,136781.66
129225,134248.63
91835,87205.35
112677,137746.48
207708,200090.61
85135,80869.37
64708,71397.18
205497,238912.98
32487,30861.86
263994,274365.96
134807,196592.46
80479,88645.27
226755,206482.92
46440,59464.39
289667,247420.82
155127,119442.3
113678,119210.96
65851,66759.31
112939,126556.92
53070,54637.87
144648,123356.7
74225,94711.06
71629,55375.87
88090,75428.4
187897,198178.21
31201,32899.19
145212,103404.12
151511,197600.92
63881,66816.54
175103,209490.73
71826,65428.29
164191,130841.63
149033,150821.88
129265,128173.27
73505,63897.83
68168,90988.31
101086,99582.86
24496,33615.48
76731,70168.13
51880,60023.43
37660,31198.71
77885,93993.51
233794,197304.15
154306,131514.59
88018,91072.5
136930,119211.44
72009,88989.2
68533,71324.55
132993,131002.9
162306,137421.76
261631,199389.43
35047,34552.81
100701,87943.67
159957,132644.3
98006,144875.97
24465,24082.19
73935,89941.92
219644,163716.89
100524,122171.85
129728,122874.13
74905,97623.49
83952,92653.12
85296,84881.71
126827,192154.42
149279,171375.2
100787,95060.61
146547,176637.92
136685,113793.88
202038,199656.52
86606,85420.81
266720,222363.23
223904,196262.44
173215,217369.74
106203,130630.2
89220,68101.04
146680,122969.68
69316,88757.63
91448,69018.54
54703,69212.12
198048,185284.67
83432,101373.34
256314,219375.92
74980,84702.95
134609,128852.55
113460,117887.56
114370,99198.51
110217,120086.79
51274,62486.95
123361,139009.58
158637,182898.61
60031,59902.63
189083,194356.37
113917,138237.5
213850,236781.64
56884,72550.52
102693,145129.68
239650,202242.41
126205,135020.98
96117,85742.2
191877,196501.26
142826,167831.29
72201,86951.44
191484,183453.45
105311,126603.13
125114,203313.56
70399,61726.8
159419,203385.86
146442,144233.98
69137,72602.84
32133,29042.98
93440,103712.74
75225,69584.3
196504,162795.63
98544,85782.18
190431,187831.82
57275,61256.7
20533,21974.68
213578,195835.15
205581,168486.88
57153,71492.24
277090,286108.51
107119,90945.77
61337,63129.03
110481,128891.16
117390,142458.01
149046,128680.44
161259,224066.81
52312,68374.18
124442,138576.63
100481,105858.2
86228,88638.49
48088,59844.9
178561,173315.48
99895,107713.68
60582,70954.25
117836,137296.17
198466,206956.31
267784,184369.34
149551,127127.3
180262,180071.91
255237,299542.7
102748,95224.11
116266,136739.23
79212,64272.14
81358,91240.98
109778,93143.47
86082,99028.99
115102,119189.92
109229,91452.35
76117,67612.4
151756,136798.7
128624,134970.86
87003,82963.39
120164,91831.33
161126,203872.14
65860,51695.78
52748,61644.59
79356,107174.79
97471,98470.1
51380,60948.61
67798,61510.98
214274,249231.6
153995,155616.52
123853,133676.77
44890,44905.48
159534,175369.34
65661,71662.0
118101,119104.16
91626,97915.08
61645,65645.26
273048,258475.33
132875,107310.32
64672,60071.84
99061,94036.13
77655,92341.38
97380,88213.08
76715,62656.05
23989,22467.22
91715,102174.49
163774,216033.33
53496,56331.26
72415,72736.99
202807,234644.69
78105,77009.08
34598,43556.72
145427,120506.22
232335,194753.85
195309,179269.02
60957,72295.0
114616,89230.68
82355,98230.58
98976,96339.27
98348,86584.83
118438,128734.95
195265,197428.47
196045,181802.75
90858,88486.28
26249,24703.72
57164,62890.33
39452,47485.52
102443,79647.37
156100,134774.65
171750,144050.32
94718,132727.24
87958,84903.28
172640,166837.98
142450,158692.77
109859,117892.49
87585,79697.81
99198,87724.45
135059,134318.62
52465,64455.99
63794,62818.49
239432,175897.7
139963,190801.91
141579,198316.81
20520,25720.0
123489,133953.38
250788,224366.77
39042,45163.31
108031,132602.14
54617,60671.21
55150,48919.62
109357,106141.98
86245,68195.14
116686,87247.1
117195,138518.83
105290,141351.95
114870,120502.21
44438,52479.52
78038,97534.54
183034,203426.05
294594,273007.03
113910,120218.91
90738,106761.66
75529,61138.56
52180,73756.5
97170,95040.36
210158,171302.55
116529,93044.1
69261,105908.4
142757,128420.68
96840,97536.79
163916,205018.31
74588,92477.06
120176,125771.81
106555,127178.71
124064,127258.36
82698,102320.53
129697,131931.55
78762,99765.44
106154,125431.1
104543,148577.96
75968,87476.53
92990,70799.41
130226,151610.36
80675,92078.14
72863,80395.06
56307,64569.4
82903,75530.17
67529,71107.82
168343,132639.85
58637,75116.46
264173,183851.12
96944,112455.11
194601,192548.84
185728,185291.18
48739,71258.92
130522,118022.09
127115,122508.43
107231,128910.87
98191,89380.14
197325,260953.24
102309,128677.54
224546,261826.53
106178,94242.07
126742,126481.61
63211,70504.36
91897,94674.67
82660,71221.18
61446,56522.81
55419,67878.48
138645,121552.41
136353,130135.37
102918,77870.3
108739,100436.58
86425,88877.35
52986,61594.21
103246,125231.46
133871,153049.94
78995,97684.65
50482,72944.61
218123,196346.78
158900,186425.83
93783,75894.37
116370,93472.57
36448,30521.23
116877,99300.9
119668,130642.56
148235,138313.58
114905,91646.29
112869,99951.38
114618,115058.63
29224,29824.79
70157,85893.93
43363,44742.05
90524,91793.19
148216,191633.7
67532,61804.93
267272,195690.65
300778,277108.55
89485,81710.14
153548,124366.89
269789,217348.95
156737,117542.12
104899,86838.1
70858,78207.67
89996,83045.04
199418,189563.75
142793,124784.87
135137,198020.49
52055,47133.5
71418,79515.88
163354,180534.74
145395,174231.17
135010,113265.72
251892,166820.93
18309,23998.01
111355,97853.31
84616,91074.64
43362,66550.58
89534,80315.11
43785,58822.99
117365,124450.84
171397,208174.41
83827,62496.55
51178,65484.7
210459,186202.62
85536,67441.4
87674,90275.86
113864,124412.55
93530,67746.62
121719,88915.09
250363,202560.24
205401,274144.63
43322,40751.04
33869,30273.08
76141,93303.39
127696,128133.42
102239,105431.86
116235,127745.98
175601,157617.94
64457,60848.16
117307,115113.51
81660,66209.48
289418,226486.51
64006,85477.05
50319,72636.44
126789,124176.45
79663,98819.43
86361,96369.25
119672,95207.61
121706,114860.28
65329,53966.36
69580,93976.02
84762,94592.71
67004,57204.42
131219,125524.61
46582,44286.48
77362,99048.5
82237,86776.96
71156,84267.21
157466,194927.88
108805,120038.65
78318,88361.8
197354,205081.25
66373,67533.27
63052,58249.64
54196,67820.13
77084,74203.59
181922,189217.8
34807,29323.34
104358,114192.57
182265,197792.97
157835,228932.58
131818,100116.98
61954,74304.41
92399,95678.68
230990,209347.76
225083,226742.21
89964,95387.01
127577,128236.63
210662,201160.7
94158,97102.84
106241,108087.97
19152,23408.65
41945,41759.6
94478,130983.8
109810,139314.64
110728,107817.08
137246,121067.79
120081,89499.31
53828,67248.05
90739,96637.47
143421,146303.62
266422,210951.94
26471,28475.91
76584,90099.39
109773,103327.3
84373,73036.18
62996,55915.05
63567,65914.19
64511,76331.99
112307,94245.8
63760,65936.14
158799,155581.25
186865,191559.31
231007,226395.81
77121,65308.98
111326,127966.97
79945,103788.8
129149,114542.99
175333,133051.97
39478,52840.44
78533,71640.79
203713,210035.72
148534,139286.59
90863,81826.77
37177,45122.78
85050,85325.25
66898,88846.71
265222,335795.38
303218,242529.58
52674,62525.81
101075,89237.44
167891,178066.7
257587,263877.12
221626,186035.91
146522,183758.6
227796,248852.96
73362,80261.75
101913,79381.9
58994,65602.97
87630,74556.69
65569,67433.24
68144,63167.07
133682,102782.49
31507,28593.88
216153,198628.63
165234,230219.56
117256,124961.97
54144,61011.35
65086,80637.55
75201,106631.41
139444,131705.77
65229,64568.96
115473,117494.25
111381,144435.48
146659,135303.85
71777,71694.23
109715,113088.31
55929,44111.39
63644,66214.85
69964,87727.04
115712,85393.42
37153,32894.4
96863,82394.57
94136,86289.42
131283,150243.51
63017,79362.57
270523,228858.22
67912,71258.16
140525,134473.47
200654,230387.2
102146,107963.44
68334,65215.35
74595,59528.15
83352,97947.29
135052,124354.8
64544,66485.71
113873,117699.12
155137,179043.54
69151,64094.26
83714,86180.27
139017,138616.38
70543,69852.51
104881,153203.82
90355,89139.55
118221,90512.13
101958,94746.62
86841,91025.03
211822,200362.39
167862,193636.87
192495,202917.28
85603,88501.25
74221,98998.93
147090,136699.69
143048,117121.52
72341,75252.66
143444,200091.6
137340,139630.4
88166,94792.71
207576,174867.99
161100,171592.53
26293,26976.27
51043,49406.97
121462,128457.99
56427,59886.94
122595,95475.96
82862,110482.84
86504,74931.62
100152,74433.7
77210,71826.3
75499,76734.42
156773,119897.74
99147,92794.08
73832,88012.92
349094,274867.12
69580,83058.1
73001,73557.67
44243,43028.9
64976,61124.17
153047,134535.33
139624,128190.16
222006,222614.24
34193,35087.28
63355,77453.97
115664,134612.41
59249,67200.8
128076,188459.52
67937,54098.63
49147,70051.76
145475,125732.01
75976,104589.83
143144,128936.84
84059,89539.29
140767,136902.89
164409,126241.99
260456,233230.47
167315,181137.27
169228,210873.4
101293,103354.98
79858,103149.56
198651,228898.11
40030,43504.03
22293,25084.49
33564,33767.61
208955,252559.08
211425,189840.85
291451,274439.45
66211,63477.19
246647,241078.04
263161,301313.23
196214,199600.59
132254,148510.08
84786,83192.9
222239,194839.55
107059,88431.82
60372,75872.04
239862,209240.11
173914,133184.53
69980,106695.5
78313,96529.83
123190,172627.45
119619,186721.47
22321,23441.38
107694,118360.48
46804,52360.93
249590,262078.13
125111,122241.03
83629,95628.45
118721,96663.67
96892,68585.75
72736,92258.75
123617,127717.63
81429,100819.2
124008,158456.92
82096,93278.41
81389,71140.25
218274,203963.38
131344,134898.46
265945,262125.35
69250,75385.92
131432,130370.95
178163,185544.8
253256,196595.89
90760,96792.32
171228,134967.34
23467,24009.77
142445,194176.83
103950,126131.53
255771,275020.22
59907,66867.83
241681,194944.78
34860,42069.85
142238,134222.7
199034,296054.07
39992,29795.18
166087,206250.16
296026,213249.66
141684,125740.44
109358,137592.84
216215,210531.16
93613,71261.19
187950,157435.3
43587,47601.83
250916,267283.93
71388,67039.62
193990,239512.88
112217,128924.05
98422,109823.91
130250,143282.84
142525,185019.12
30114,30077.85
150671,150883.64
255076,188728.75
72964,66104.2
72036,88726.05
90624,115525.04
68384,89391.48
205223,212171.7
133643,112929.22
91997,94821.01
77377,93168.46
156992,113606.64
66570,69461.41
88045,117568.28
75589,79200.12
83502,98047.85
87092,88752.49
211550,187893.54
110654,93088.72
84341,83653.62
129513,118781.55
88775,98139.93
134610,148235.49
159400,189869.61
70576,87136.23
120635,91872.37
69197,63517.94
78751,71028.64
219603,239481.91
210751,294588.92
154681,165513.38
66662,77700.67
97601,111334.09
106010,145294.61
121725,111354.83
86536,82918.39
64782,53499.57
115988,121836.17
104409,91735.11
148519,230212.07
115364,120823.87
227301,213664.25
183033,193811.91
39868,43674.48
269552,309873.29
56370,62228.4
218131,199141.83
202067,210771.71
181300,211485.01
58198,44617.31
125096,134151.84
86678,87803.7
49914,58345.71
148519,191541.53
86772,111556.85
111752,103118.38
117576,128137.58
84880,124429.55
106920,89072.36
68441,100363.12
187329,219520.57
100906,97473.89
53874,63913.32
140756,199503.09
66978,58708.35
124861,124885.18
83336,107329.15
39202,45208.75
159445,194052.49
103856,90544.56
29207,30138.64
104436,76220.4
45928,44828.13
27068,33326.92
95395,94855.01
211620,185327.57
62821,91279.44
141683,164546.7
76340,60631.12
145255,205397.17
120997,129564.5
153715,124518.4
125558,110733.47
106766,88226.18
65083,59361.38
103653,89495.88
271475,213780.56
77848,75761.16
120333,210332.16
112994,125753.96
176009,185335.34
117600,114802.35
198337,192415.44
90694,127243.41
136359,131230.78
178524,169707.64
78328,61127.58
101122,88931.66
117343,118436.2
122129,125776.43
113713,130736.65
100307,141854.64
60541,83719.71
214035,191051.8
132280,127323.74
111169,132468.82
37606,31270.45
79479,59405.35
283428,257545.45
191169,191491.21
78327,89631.43
132554,126216.93
66736,80252.36
212764,173803.95
151758,124675.66
82912,86089.61
69118,77510.57
67908,59305.39
164904,144231.65
183653,215457.96
116702,108991.25
140672,121701.64
160456,236752.83
222589,193481.26
100005,79361.64
153253,212853.15
101753,145745.22
207687,197949.96
325087,299785.96
82711,62837.08
131921,139728.84
232735,198752.6
197908,206631.92
75392,56233.53
63698,50357.05
117883,92090.29
119157,114531.83
86565,93314.71
192004,209637.13
71330,64058.2
79437,74472.67
22186,26619.61
216271,173784.0
95343,78928.92
100999,83043.15
96725,67745.0
53437,63668.48
115606,127596.55
116355,129771.86
101192,100861.22
65251,60284.48
85528,95622.3
243682,203495.51
64605,86133.29
116286,118992.42
100497,89333.5
238598,182894.14
241976,179886.13
35534,43650.22
85161,89330.39
140615,125954.99
69016,96282.25
67262,74499.0
71833,94388.23
184018,181126.72
91754,97416.98
276679,229682.69
133001,119109.59
51768,66454.16
46451,63794.89
67976,63243.25
255205,227276.69
99028,117064.29
147687,144549.45
205349,203381.53
102384,135070.31
77206,94367.97
169303,180683.98
51851,62284.78
119985,118064.41
68999,84892.8
132221,101967.52
85390,66516.76
65592,96865.8
121255,107617.02
235868,183676.54
64501,75461.74
62596,75839.78
75818,104969.69
76651,79195.79
203843,177191.54
24322,22820.91
287164,206098.03
121685,125839.26
96701,97419.17
68721,95717.14
306002,203621.63
99890,90369.02
67394,65122.14
191897,196912.93
182121,176392.46
92478,76425.94
125484,129279.07
103244,141232.67
96894,79087.72
190082,169613.02
23158,33385.7
164714,150386.67
145709,235893.26
243378,178857.12
136939,170628.74
166556,188621.44
101851,115340.59
152384,124037.86
104461,142707.69
104978,98177.61
27320,24543.27
109839,119109.63
181014,190822.53
129800,135704.49
258931,300251.99
65197,78831.43
208144,168225.01
71668,78276.18
69234,61610.17
211756,203697.92
79587,79468.44
145099,129196.64
75216,82762.1
148813,194432.39
124750,127508.25
71427,62659.07
128617,128785.72
53256,67248.79
289309,214340.22
139325,162495.6
122080,134661.53
82829,103494.48
114387,111098.0
88040,102661.35
95754,102510.08
72576,98475.8
190969,220255.92
312518,283851.08
251015,215367.21
78618,73570.36
82118,67011.07
107506,99093.81
154995,121103.39
133645,164610.75
125853,148673.32
144216,135698.83
111868,82792.71
240627,204547.43
49188,75671.49
49579,50555.64
48325,60464.68
224881,163959.21
58278,78007.45
104271,116009.21
95591,100988.58
293805,239052.39
212416,263513.85
37406,32944.9
192776,198630.82
94499,85939.75
61670,66098.71
179005,185550.2
65035,66119.53
219263,210398.02
300635,226338.63
156352,177123.37
235335,216816.46
55419,51234.88
70324,81098.75
100495,67024.67
104136,97552.21
126854,128889.05
109965,82871.33
112216,91796.26
96169,85672.14
123589,126364.97
75780,71400.51
78936,104915.0
134233,97210.72
47299,64468.8
137360,231762.49
49451,46362.08
90830,89746.91
84037,94430.87
265991,217467.15
88557,102138.34
90510,124424.79
43045,48472.01
34236,42568.48
46031,57542.79
80800,90859.83
104581,103441.25
62938,67929.61
43936,49634.43
92434,72672.64
123617,205987.89
194639,197033.3
87123,87032.01
63814,75577.3
133658,129799.76
217485,200013.11
105933,88552.93
138149,202842.39
140809,201039.38
239391,278262.41
105421,98907.16
250059,235089.24
66947,74844.73
135809,137762.01
92548,71345.43
119183,121042.95
109945,144041.81
129700,185568.48
28009,31412.31
120902,105761.16
223388,246888.21
37458,34906.64
139571,125819.95
166397,127483.07
79846,105965.08
137077,119980.94
99498,133306.58
222968,167240.68
239199,201539.51
39197,33193.85
84770,78401.88
114730,136544.86
158889,148858.24
90091,121044.26
183643,205088.18
130691,128922.67
81894,95660.08
129008,91866.97
254016,198584.34
88996,99167.55
49297,59547.87
145606,182156.04
170126,206715.96
157720,195305.55
73489,62648.86
70580,70016.12
88010,77387.58
199854,182402.05
89970,116328.76
111403,133726.7
88219,90949.89
66295,64945.12
77428,98867.09
153212,213567.08
113953,83198.98
131244,137100.19
34594,30535.01
43996,40237.8
156675,233149.61
118890,127309.35
150880,144139.72
120964,175459.96
53889,45216.01
35301,41419.27
156283,135504.36
50199,51020.3
65850,51428.13
124533,160765.8
201256,193927.25
113496,119097.61
75393,94230.34
86185,87225.36
116683,132523.49
138581,119027.77
64188,67016.82
85390,63052.3
306666,264752.32
117099,133318.69
31054,36006.9
165398,210381.71
229106,242294.98
60120,70961.85
173027,127167.05
186753,221124.0
71392,62312.44
106076,123283.45
90741,87552.8
53458,60293.44
94499,118444.92
222335,162651.12
123862,125879.77
72075,66466.36
98356,87704.05
124350,148163.29
273652,255101.3
146551,205337.47
63249,77385.27
132545,108956.87
92188,130937.57
99029,93967.58
68734,70074.81
81338,67444.58
131234,126357.59
147154,105880.52
49068,61939.2
91154,98709.86
61219,63353.27
48318,52808.29
222207,214824.42
98433,95498.77
103681,95881.95
283236,242162.63
113947,141588.92
87993,122743.94
84233,64445.16
141976,120376.88
110170,92219.48
165811,224660.44
116921,117731.5
83652,85666.05
103843,88727.09
362104,246681.81
210162,209115.3
18392,22400.54
114161,89965.22
93564,91605.49
80593,84593.99
135601,121297.8
123932,98048.72
108508,87998.27
166881,155080.91
150163,117430.4
81572,88097.36
125314,94343.04
104797,129185.55
57839,67476.6
192792,173557.97
235127,182797.61
153418,180431.32
99753,88719.23
124514,95026.21
78404,78077.86
76767,67571.69
194729,186618.59
78463,98831.62
122284,119682.78
121421,118966.52
141697,130932.15
175415,186421.49
66906,66545.98
304859,226548.79
97531,97811.45
102609,91722.94
94037,81701.79
338395,235295.79
90690,87988.61
104749,123609.3
87428,104538.63
56324,58727.93
94533,117933.75
55016,65703.66
142980,176345.34
88720,112075.8
130504,98928.46
198047,178072.59
64573,65689.87
195324,201677.52
102567,152707.89
134920,163512.8
134951,124293.69
148890,116760.54
64207,71459.44
109950,101957.21
176661,188470.02
254054,196111.24
151316,163166.89
99401,115157.66
128526,123803.47
95741,85026.24
164789,256992.09
109391,138299.64
78460,88809.44
104139,122748.98
150751,129247.64
82065,61461.32
181438,224630.4
120489,112925.85
106152,96365.82
121634,97275.13
84254,98342.11
83912,73298.96
71917,76796.13
52063,52129.51
64219,64037.4
308132,226698.84
99431,132173.31
140480,98749.47
144385,135978.51
93493,99884.92
67421,72342.55
276306,217066.93
84278,65544.67
161634,129624.62
87192,79704.66
82657,76924.74
116327,155377.4
52126,57697.93
201006,194376.77
68293,61880.67
153990,183372.02
269130,251639.02
232932,218661.55
99555,131596.23
102567,86967.41
340350,299837.46
71781,97715.67
145761,146117.49
111124,89432.92
94118,83479.45
50599,66245.34
97690,126724.59
169364,140467.41
145615,125952.06
141137,134107.93
87194,115888.89
144317,209419.71
167785,193744.49
62909,70215.88
128688,130252.31
84482,83713.36
286005,190423.14
183873,253231.28
156607,173298.6
47313,67757.35
75324,74994.28
172285,192691.39
147705,120011.91
67488,68158.7
247655,191178.04
251940,193079.71
161084,157511.18
90440,100753.44
59000,69744.79
187401,238957.12
161626,176701.06
267720,241075.44
92186,89573.8
218604,188446.62
60195,63445.93
242702,232786.59
100793,81486.64
95351,122006.1
252203,298881.08
92162,85056.62
164876,199539.57
73717,74268.24
124785,126740.24
161043,143469.56
80987,107046.26
85378,63040.63
291772,278078.16
55564,65029.32
76863,66037.08
70175,69397.31
218206,209637.06
164093,135121.08
71582,84414.57
66258,65492.03
123788,92604.15
145874,185580.84
154829,193076.19
104134,114708.0
91758,64134.58
81942,81776.8
354384,259722.21
73386,47657.29
83872,96099.71
108490,92891.55
116909,113046.24
68820,77351.26
119389,134315.07
76963,69010.82
165582,163033.41
46960,52816.52
106190,104541.61
123862,118228.51
63371,69981.23
125641,130637.64
69409,70949.82
114775,120904.52
113165,120109.73
171903,178201.09
131402,218544.9
190595,266695.81
183478,191911.46
115188,92367.12
88116,81520.34
85037,112371.32
172992,145740.79
150170,207325.91
349865,339175.24
72337,81834.42
46438,56406.42
58771,44364.89
212784,278773.16
67458,63492.93
87357,71916.41
77712,73596.9
85906,62646.5
75850,87253.96
215282,263516.38
91093,78271.38
86134,99254.05
85502,82822.96
88359,99255.94
142427,141316.76
67863,72423.54
172275,256337.06
34474,30025.48
64920,67841.4
54111,64408.27
160534,158930.09
154305,202374.3
103951,88157.1
59769,69030.42
32356,29577.4
55058,70391.03
85916,105889.81
199854,205392.01
48610,69857.51
49582,61505.83
109705,84348.04
80773,73206.62
62844,68734.82
101126,128003.51
138420,215240.04
109524,77187.44
90443,84866.99
167576,123914.07
58926,77164.07
168120,216243.29
86614,87495.46
38645,48246.49
196013,198301.54
223437,184791.16
211110,308073.94
189125,196557.35
105348,96992.03
92668,85036.2
95484,98468.16
246523,206219.24
102263,90042.26
60447,62084.04
83359,72847.22
155786,142497.11
50163,59453.44
162855,122263.28
83529,89767.59
72988,67124.2
86720,82155.22
45523,44900.8
135675,123396.94
50395,66106.34
257356,205129.77
144693,146911.4
59373,77886.22
137750,187660.13
54739,72147.59
53772,77813.49
98458,115980.67
72001,89206.78
75754,66370.79
111513,110193.23
212371,239261.99
110310,100399.19
122917,186578.04
204204,192705.56
106426,137179.47
85240,81444.36
188891,147530.25
141439,141303.7
221861,208760.09
59751,63295.94
152349,222755.26
60503,69028.19
53595,59129.24
71023,72163.62
72571,71103.17
97894,73209.46
104878,124525.84
174876,179570.16
145577,193045.02
150883,126743.18
240915,203174.2
153799,194926.57
117462,133914.63
67397,98988.03
70806,59997.36
97649,120232.74
100617,78093.66
110916,135394.06
200050,181977.85
77392,71119.12
189843,275979.0
155691,111101.42
95354,103897.26
170957,139936.4
93012,114177.37
132179,124768.63
112672,95378.13
145967,202838.51
82666,65005.59
83531,65800.86
137089,204278.15
144481,228197.65
199896,217796.59
79816,86394.12
201139,136391.58
103463,125877.76
18616,24365.81
103196,114872.7
70934,80945.47
92670,134554.9
111598,84316.97
176978,181888.08
115527,125999.33
27196,29653.01
75029,93220.73
74780,78751.2
128887,188148.16
57686,61913.65
135732,136493.79
182487,193454.02
74097,86101.08
116116,125315.4
163345,182524.05
31495,30198.66
90342,72463.7
257714,273638.42
187126,215715.54
124710,138710.41
55230,63769.75
125125,103562.88
97569,93596.1
75877,81439.39
133972,183646.49
197246,214949.82
135214,142864.62
106557,125718.71
79994,96941.1
303234,234378.12
73814,81227.32
209986,200286.16
96455,124478.08
196292,204384.99
65799,69013.92
265558,194597.4
97537,118862.35
77392,87856.76
212757,213560.44
93978,98482.27
150163,134464.45
77684,99036.74
77360,78066.41
77385,79695.05
102808,90136.86
124876,210748.78
65431,63531.04
45335,51604.85
178114,200350.66
247685,199521.32
224641,213188.95
195880,183918.9
167250,133684.76
85412,92983.82
127811,137768.99
156099,138913.67
120933,112644.2
223811,253827.06
157426,192559.46
191150,195742.65
69187,74610.45
27366,32044.76
80735,100976.83
89181,95658.12
64365,67168.63
209496,200629.96
158518,151270.99
174720,249745.07
145769,136565.27
269385,224302.73
135249,160830.9
244976,202412.23
281331,266558.02
103407,71292.18
86400,76754.45
234620,260125.46
78666,98745.33
125783,124095.78
46392,74613.53
69931,95254.05
80967,73894.05
181523,203051.47
62548,74975.07
133785,128538.46
111373,128251.99
249477,274378.84
238500,213498.02
114235,86988.72
183499,127866.4
96731,83830.84
144621,195909.19
153139,122907.23
70901,65969.69
204480,214592.18
63658,63756.07
171496,268360.58
135669,143247.17
277302,203160.55
116882,104421.23
79956,89420.38
168477,162519.04
86259,84770.13
77869,76458.33
32078,21359.41
38669,42267.77
118389,136202.09
53834,57271.66
99073,117194.62
135831,133172.05
139637,131243.84
162213,211351.42
90753,81322.07
70146,62856.74
88454,122022.17
146983,132694.88
106928,105293.18
124375,117488.81
266424,197522.99
56948,65915.55
302161,202413.05
289465,220779.68
132746,145509.6
157109,127375.79
148307,127456.5
105787,122844.3
127281,108810.43
122924,85623.2
209060,190748.19
92446,98124.51
